,Embarked=C,Embarked=Q,Embarked=S,Fare,Parch,Pclass,Sex=female,Sex=male,SibSp,Age
0,0.0,1.0,0.0,7.8292,0.0,3.0,0.0,1.0,0.0,30.2024601923
1,0.0,0.0,1.0,7.0,0.0,3.0,1.0,0.0,1.0,21.0879183909
2,0.0,1.0,0.0,9.6875,0.0,2.0,0.0,1.0,0.0,37.528313966
3,0.0,0.0,1.0,8.6625,0.0,3.0,0.0,1.0,0.0,27.1141707808
4,0.0,0.0,1.0,12.2875,1.0,3.0,1.0,0.0,1.0,20.3151364782
5,0.0,0.0,1.0,9.225,0.0,3.0,0.0,1.0,0.0,27.115706156
6,0.0,1.0,0.0,7.6292,0.0,3.0,1.0,0.0,0.0,27.323288169
7,0.0,0.0,1.0,29.0,1.0,2.0,0.0,1.0,1.0,30.560161734
8,0.0,0.0,0.0,7.2292,0.0,3.0,1.0,0.0,0.0,23.9165907155
9,0.0,0.0,1.0,24.15,0.0,3.0,0.0,1.0,2.0,20.8702679964
10,0.0,0.0,1.0,7.8958,0.0,3.0,0.0,1.0,0.0,27.1120780303
11,0.0,0.0,1.0,26.0,0.0,1.0,0.0,1.0,0.0,41.8030573369
12,0.0,0.0,1.0,82.2667,0.0,1.0,1.0,0.0,1.0,35.9349259394
13,0.0,0.0,1.0,26.0,0.0,2.0,0.0,1.0,1.0,31.3391875059
14,0.0,0.0,1.0,61.175,0.0,1.0,1.0,0.0,1.0,35.8773549642
15,1.0,0.0,0.0,27.7208,0.0,2.0,1.0,0.0,1.0,26.8245078897
16,0.0,1.0,0.0,12.35,0.0,2.0,0.0,1.0,0.0,37.5355814087
17,1.0,0.0,0.0,7.225,0.0,3.0,0.0,1.0,0.0,25.4694965201
18,0.0,0.0,1.0,7.925,0.0,3.0,1.0,0.0,1.0,21.0904432301
19,1.0,0.0,0.0,7.225,0.0,3.0,1.0,0.0,0.0,22.590870408
20,1.0,0.0,0.0,59.4,0.0,1.0,0.0,1.0,1.0,37.1103855905
21,0.0,0.0,1.0,3.1708,1.0,3.0,0.0,1.0,0.0,26.3119664387
22,0.0,0.0,1.0,31.6833,0.0,1.0,1.0,0.0,0.0,38.9399441102
23,1.0,0.0,0.0,61.3792,1.0,1.0,0.0,1.0,0.0,39.4716618789
24,1.0,0.0,0.0,262.375,3.0,1.0,1.0,0.0,1.0,32.4241477775
25,0.0,0.0,1.0,14.5,0.0,3.0,0.0,1.0,1.0,23.9870161726
26,1.0,0.0,0.0,61.9792,1.0,1.0,1.0,0.0,0.0,36.5946735004
27,1.0,0.0,0.0,7.225,0.0,3.0,0.0,1.0,0.0,25.4694965201
28,0.0,0.0,1.0,30.5,0.0,1.0,0.0,1.0,0.0,41.8153403387
29,1.0,0.0,0.0,21.6792,0.0,3.0,0.0,1.0,2.0,19.2227732855
30,0.0,0.0,1.0,26.0,0.0,2.0,0.0,1.0,1.0,31.3391875059
31,0.0,0.0,1.0,31.5,0.0,2.0,0.0,1.0,2.0,28.2111116725
32,0.0,0.0,1.0,20.575,2.0,3.0,1.0,0.0,1.0,19.5505432334
33,0.0,0.0,1.0,23.45,2.0,3.0,1.0,0.0,1.0,19.5583907067
34,1.0,0.0,0.0,57.75,0.0,1.0,0.0,1.0,1.0,37.1058818232
35,1.0,0.0,0.0,7.2292,0.0,3.0,0.0,1.0,0.0,25.4695079842
36,0.0,0.0,1.0,8.05,0.0,3.0,1.0,0.0,0.0,24.2338728157
37,0.0,0.0,1.0,8.6625,0.0,3.0,1.0,0.0,0.0,24.2355446687
38,0.0,0.0,1.0,9.5,0.0,3.0,0.0,1.0,0.0,27.1164567839
39,0.0,0.0,1.0,56.4958,0.0,3.0,0.0,1.0,0.0,27.2447344493
40,1.0,0.0,0.0,13.4167,1.0,3.0,0.0,1.0,0.0,24.6991826719
41,0.0,0.0,1.0,26.55,0.0,1.0,0.0,1.0,0.0,41.8045585927
42,0.0,0.0,1.0,7.85,0.0,3.0,0.0,1.0,0.0,27.1119530166
43,0.0,0.0,1.0,13.0,0.0,2.0,1.0,0.0,0.0,31.5681655576
44,0.0,0.0,1.0,52.5542,0.0,1.0,1.0,0.0,1.0,35.8538240083
45,0.0,0.0,1.0,7.925,0.0,3.0,0.0,1.0,0.0,27.1121577333
46,1.0,0.0,0.0,29.7,0.0,1.0,0.0,1.0,0.0,40.1724061699
47,0.0,1.0,0.0,7.75,0.0,3.0,0.0,1.0,0.0,30.2022440114
48,1.0,0.0,0.0,76.2917,0.0,1.0,1.0,0.0,0.0,37.4209547097
49,0.0,0.0,1.0,15.9,2.0,3.0,1.0,0.0,0.0,22.6808709504
50,0.0,0.0,1.0,60.0,0.0,1.0,0.0,1.0,1.0,38.7527738481
51,1.0,0.0,0.0,15.0333,0.0,2.0,0.0,1.0,0.0,32.8115911518
52,0.0,0.0,1.0,23.0,1.0,2.0,1.0,0.0,2.0,24.5220698951
53,0.0,0.0,1.0,263.0,2.0,1.0,1.0,0.0,3.0,28.5676419316
54,1.0,0.0,0.0,15.5792,0.0,2.0,0.0,1.0,0.0,32.8130812163
55,0.0,1.0,0.0,29.125,1.0,3.0,0.0,1.0,4.0,16.9010202657
56,0.0,0.0,1.0,7.8958,0.0,3.0,0.0,1.0,0.0,27.1120780303
57,0.0,0.0,1.0,7.65,0.0,3.0,0.0,1.0,0.0,27.1114071054
58,0.0,0.0,1.0,16.1,0.0,3.0,0.0,1.0,1.0,23.9913834621
59,1.0,0.0,0.0,262.375,0.0,1.0,1.0,0.0,0.0,37.9288794879
60,0.0,0.0,1.0,7.8958,0.0,3.0,0.0,1.0,0.0,27.1120780303
61,0.0,0.0,1.0,13.5,0.0,2.0,0.0,1.0,0.0,34.4481564476
62,0.0,0.0,1.0,7.75,0.0,3.0,0.0,1.0,0.0,27.111680061
63,0.0,1.0,0.0,7.725,0.0,3.0,1.0,0.0,0.0,27.3235496604
64,1.0,0.0,0.0,262.375,2.0,1.0,0.0,1.0,2.0,32.9468999383
65,0.0,0.0,1.0,21.0,0.0,2.0,1.0,0.0,0.0,31.5900020052
66,0.0,1.0,0.0,7.8792,0.0,3.0,1.0,0.0,0.0,27.323970558
67,0.0,0.0,1.0,42.4,0.0,1.0,0.0,1.0,0.0,41.8478220545
68,1.0,0.0,0.0,28.5375,0.0,1.0,0.0,1.0,0.0,40.1692330611
69,0.0,0.0,1.0,263.0,4.0,1.0,1.0,0.0,1.0,33.2793898343
70,0.0,1.0,0.0,7.75,0.0,3.0,1.0,0.0,0.0,27.3236178993
71,0.0,0.0,1.0,7.8958,0.0,3.0,0.0,1.0,0.0,27.1120780303
72,0.0,0.0,1.0,7.925,0.0,3.0,1.0,0.0,0.0,24.2335316212
73,1.0,0.0,0.0,27.7208,0.0,1.0,0.0,1.0,0.0,40.1670038328
74,1.0,0.0,0.0,211.5,0.0,1.0,1.0,0.0,0.0,37.790013329
75,1.0,0.0,0.0,211.5,0.0,1.0,0.0,1.0,0.0,40.6686394411
76,0.0,0.0,1.0,8.05,0.0,3.0,0.0,1.0,0.0,27.1124989278
77,0.0,0.0,1.0,25.7,0.0,1.0,1.0,0.0,2.0,32.6374355759
78,0.0,0.0,1.0,13.0,0.0,2.0,0.0,1.0,0.0,34.4467916697
79,0.0,1.0,0.0,7.75,0.0,3.0,1.0,0.0,0.0,27.3236178993
80,1.0,0.0,0.0,15.2458,1.0,3.0,0.0,1.0,1.0,21.5610869116
81,0.0,0.0,1.0,221.7792,0.0,1.0,0.0,1.0,1.0,39.1943592256
82,0.0,0.0,1.0,26.0,0.0,1.0,0.0,1.0,0.0,41.8030573369
83,0.0,0.0,1.0,7.8958,0.0,3.0,0.0,1.0,0.0,27.1120780303
84,0.0,1.0,0.0,10.7083,0.0,2.0,0.0,1.0,0.0,37.5311002967
85,1.0,0.0,0.0,14.4542,0.0,3.0,0.0,1.0,1.0,22.3461406349
86,0.0,1.0,0.0,7.8792,0.0,3.0,1.0,0.0,0.0,27.323970558
87,0.0,0.0,1.0,8.05,0.0,3.0,1.0,0.0,0.0,24.2338728157
88,0.0,1.0,0.0,7.75,0.0,3.0,1.0,0.0,0.0,27.3236178993
89,0.0,0.0,1.0,23.0,1.0,2.0,0.0,1.0,1.0,30.5437843983
90,0.0,0.0,1.0,13.9,0.0,3.0,1.0,0.0,1.0,21.1067523269
91,0.0,0.0,1.0,7.775,0.0,3.0,0.0,1.0,0.0,27.1117482999
92,0.0,0.0,1.0,52.0,2.0,1.0,1.0,0.0,1.0,34.2778824089
93,0.0,0.0,1.0,8.05,0.0,3.0,0.0,1.0,0.0,27.1124989278
94,1.0,0.0,0.0,26.0,0.0,1.0,0.0,1.0,0.0,40.1623068129
95,0.0,0.0,1.0,7.7958,0.0,3.0,0.0,1.0,0.0,27.1118050747
96,0.0,0.0,1.0,78.85,0.0,1.0,1.0,0.0,1.0,35.9255998656
97,0.0,0.0,1.0,7.925,0.0,3.0,0.0,1.0,0.0,27.1121577333
98,0.0,0.0,1.0,7.8542,0.0,3.0,1.0,0.0,0.0,24.2333383686
99,0.0,0.0,1.0,8.05,0.0,3.0,0.0,1.0,0.0,27.1124989278
100,1.0,0.0,0.0,55.4417,0.0,1.0,1.0,0.0,1.0,34.2209550771
101,0.0,0.0,1.0,26.0,0.0,2.0,0.0,1.0,1.0,31.3391875059
102,0.0,1.0,0.0,7.75,0.0,3.0,0.0,1.0,0.0,30.2022440114
103,0.0,0.0,1.0,7.775,0.0,3.0,0.0,1.0,0.0,27.1117482999
104,1.0,0.0,0.0,8.5167,1.0,3.0,1.0,0.0,1.0,18.6640933446
105,0.0,0.0,1.0,22.525,0.0,3.0,0.0,1.0,0.0,27.1520092501
106,0.0,1.0,0.0,7.8208,0.0,3.0,0.0,1.0,0.0,30.202437264
107,0.0,1.0,0.0,7.75,0.0,3.0,0.0,1.0,0.0,30.2022440114
108,0.0,0.0,1.0,8.7125,0.0,3.0,0.0,1.0,0.0,27.1143072586
109,0.0,0.0,1.0,13.0,0.0,2.0,0.0,1.0,0.0,34.4467916697
110,1.0,0.0,0.0,15.0458,0.0,2.0,0.0,1.0,0.0,32.8116252712
111,0.0,1.0,0.0,7.7792,0.0,3.0,1.0,0.0,0.0,27.3236976024
112,1.0,0.0,0.0,31.6792,0.0,1.0,1.0,0.0,0.0,37.299182395
113,0.0,1.0,0.0,7.2833,0.0,3.0,1.0,0.0,0.0,27.3223440156
114,0.0,0.0,1.0,221.7792,0.0,1.0,1.0,0.0,1.0,36.3157331135
115,1.0,0.0,0.0,14.4542,0.0,3.0,0.0,1.0,1.0,22.3461406349
116,1.0,0.0,0.0,6.4375,0.0,3.0,0.0,1.0,0.0,25.4673469948
117,0.0,0.0,1.0,16.7,1.0,3.0,1.0,0.0,1.0,20.3271806438
118,1.0,0.0,0.0,75.2417,0.0,1.0,0.0,1.0,0.0,40.296714788
119,0.0,0.0,1.0,26.0,0.0,2.0,1.0,0.0,1.0,28.4605613938
120,0.0,0.0,1.0,15.75,0.0,2.0,1.0,0.0,0.0,31.5756718364
121,0.0,1.0,0.0,7.75,0.0,3.0,0.0,1.0,1.0,27.0591556204
122,1.0,0.0,0.0,57.75,0.0,1.0,1.0,0.0,1.0,34.2272557111
123,0.0,0.0,1.0,7.25,0.0,3.0,0.0,1.0,0.0,27.110315283
124,0.0,1.0,0.0,7.75,0.0,3.0,0.0,1.0,0.0,30.2022440114
125,0.0,0.0,1.0,16.1,1.0,3.0,1.0,0.0,0.0,23.4686313013
126,0.0,0.0,1.0,7.7958,0.0,3.0,0.0,1.0,0.0,27.1118050747
127,0.0,1.0,0.0,23.25,0.0,3.0,1.0,0.0,2.0,21.0797492344
128,0.0,0.0,1.0,13.0,0.0,2.0,0.0,1.0,0.0,34.4467916697
129,0.0,0.0,1.0,8.05,0.0,3.0,0.0,1.0,0.0,27.1124989278
130,0.0,0.0,1.0,8.05,0.0,3.0,0.0,1.0,0.0,27.1124989278
131,1.0,0.0,0.0,28.5,0.0,1.0,0.0,1.0,0.0,40.1691307028
132,0.0,0.0,1.0,25.4667,4.0,3.0,1.0,0.0,0.0,21.1325549138
133,1.0,0.0,0.0,6.4375,0.0,3.0,0.0,1.0,1.0,22.3242586037
134,0.0,0.0,1.0,7.8958,0.0,3.0,0.0,1.0,0.0,27.1120780303
135,0.0,0.0,1.0,7.8542,0.0,3.0,0.0,1.0,0.0,27.1119644807
136,1.0,0.0,0.0,7.225,0.0,3.0,0.0,1.0,0.0,25.4694965201
137,0.0,0.0,1.0,13.0,0.0,2.0,0.0,1.0,0.0,34.4467916697
138,0.0,0.0,1.0,8.05,0.0,3.0,1.0,0.0,0.0,24.2338728157
139,0.0,0.0,1.0,46.9,6.0,3.0,0.0,1.0,1.0,19.3521671468
140,0.0,0.0,1.0,46.9,2.0,3.0,1.0,0.0,5.0,7.05004522936
141,0.0,0.0,1.0,151.55,0.0,1.0,1.0,0.0,0.0,39.267126974
142,1.0,0.0,0.0,262.375,3.0,1.0,0.0,1.0,1.0,35.3027738896
143,0.0,0.0,1.0,26.0,0.0,2.0,0.0,1.0,0.0,34.482275897
144,0.0,0.0,1.0,26.55,0.0,1.0,0.0,1.0,0.0,41.8045585927
145,0.0,0.0,1.0,18.0,0.0,3.0,0.0,1.0,3.0,17.7103928362
146,0.0,0.0,1.0,51.8625,0.0,1.0,0.0,1.0,0.0,41.8736504776
147,0.0,0.0,1.0,8.05,0.0,3.0,0.0,1.0,0.0,27.1124989278
148,0.0,0.0,1.0,26.55,0.0,1.0,0.0,1.0,0.0,41.8045585927
149,0.0,0.0,1.0,26.0,1.0,2.0,0.0,1.0,1.0,30.5519730662
150,1.0,0.0,0.0,83.1583,1.0,1.0,1.0,0.0,0.0,36.6524830388
151,1.0,0.0,0.0,7.8958,0.0,3.0,0.0,1.0,0.0,25.4713275062
152,0.0,0.0,1.0,21.52,0.0,3.0,0.0,1.0,0.0,27.1492660464
153,0.0,0.0,1.0,12.1833,2.0,3.0,1.0,0.0,0.0,22.6707260098
154,0.0,0.0,1.0,31.3875,2.0,3.0,0.0,1.0,4.0,13.0294174959
155,0.0,0.0,1.0,7.55,0.0,3.0,0.0,1.0,0.0,27.1111341498
156,0.0,0.0,1.0,221.7792,0.0,1.0,1.0,0.0,0.0,39.4588215045
157,0.0,0.0,1.0,7.8542,0.0,3.0,1.0,0.0,0.0,24.2333383686
158,0.0,0.0,1.0,26.55,0.0,1.0,0.0,1.0,0.0,41.8045585927
159,0.0,0.0,1.0,13.775,2.0,3.0,1.0,0.0,0.0,22.675070644
160,0.0,1.0,0.0,7.7333,0.0,3.0,1.0,0.0,0.0,27.3235723158
161,1.0,0.0,0.0,15.2458,1.0,3.0,0.0,1.0,1.0,21.5610869116
162,0.0,0.0,1.0,13.5,0.0,2.0,1.0,0.0,0.0,31.5695303355
163,0.0,0.0,1.0,7.0,0.0,3.0,0.0,1.0,0.0,27.109632894
164,0.0,0.0,1.0,13.0,0.0,2.0,0.0,1.0,0.0,34.4467916697
165,0.0,0.0,1.0,22.025,1.0,3.0,1.0,0.0,1.0,20.3417155292
166,1.0,0.0,0.0,50.4958,0.0,1.0,0.0,1.0,0.0,40.2291694695
167,0.0,0.0,1.0,34.375,2.0,3.0,0.0,1.0,2.0,19.3237488264
168,1.0,0.0,0.0,27.7208,0.0,1.0,1.0,0.0,0.0,37.2883777207
169,0.0,0.0,1.0,8.9625,0.0,3.0,1.0,0.0,0.0,24.2363635355
170,0.0,0.0,1.0,7.55,0.0,3.0,0.0,1.0,0.0,27.1111341498
171,1.0,0.0,0.0,7.225,0.0,3.0,0.0,1.0,0.0,25.4694965201
172,0.0,0.0,1.0,13.9,0.0,3.0,0.0,1.0,1.0,23.985378439
173,1.0,0.0,0.0,7.2292,0.0,3.0,0.0,1.0,0.0,25.4695079842
174,0.0,0.0,1.0,31.3875,5.0,3.0,0.0,1.0,1.0,20.0970393499
175,0.0,0.0,1.0,39.0,2.0,2.0,1.0,0.0,0.0,30.0647051327
176,0.0,0.0,1.0,36.75,0.0,2.0,1.0,0.0,0.0,31.6329925113
177,1.0,0.0,0.0,55.4417,0.0,1.0,0.0,1.0,1.0,37.0995811892
178,0.0,0.0,1.0,39.0,3.0,2.0,1.0,0.0,0.0,29.277490693
179,1.0,0.0,0.0,83.1583,2.0,1.0,1.0,0.0,0.0,35.865268599
180,0.0,0.0,1.0,13.0,0.0,2.0,0.0,1.0,0.0,34.4467916697
181,1.0,0.0,0.0,83.1583,1.0,1.0,0.0,1.0,1.0,36.3880207598
182,0.0,0.0,1.0,53.1,0.0,1.0,1.0,0.0,1.0,35.8553137999
183,0.0,1.0,0.0,7.75,0.0,3.0,0.0,1.0,0.0,30.2022440114
184,1.0,0.0,0.0,247.5208,1.0,1.0,1.0,0.0,1.0,33.9580312871
185,0.0,0.0,1.0,16.0,0.0,2.0,0.0,1.0,0.0,34.4549803375
186,0.0,0.0,1.0,21.0,1.0,2.0,1.0,0.0,0.0,30.8027875654
187,0.0,0.0,1.0,8.05,0.0,3.0,0.0,1.0,2.0,20.8263221456
188,0.0,0.0,1.0,69.55,2.0,3.0,1.0,0.0,8.0,-2.31739550167
189,0.0,0.0,1.0,13.0,0.0,2.0,0.0,1.0,0.0,34.4467916697
190,0.0,0.0,1.0,26.0,0.0,2.0,0.0,1.0,1.0,31.3391875059
191,0.0,0.0,1.0,26.0,0.0,1.0,0.0,1.0,0.0,41.8030573369
192,0.0,0.0,1.0,14.5,1.0,3.0,0.0,1.0,1.0,23.1998017328
193,0.0,1.0,0.0,12.35,0.0,2.0,0.0,1.0,0.0,37.5355814087
194,0.0,0.0,1.0,32.5,2.0,2.0,0.0,1.0,0.0,32.9255891312
195,0.0,0.0,1.0,7.8542,0.0,3.0,0.0,1.0,0.0,27.1119644807
196,1.0,0.0,0.0,134.5,2.0,1.0,0.0,1.0,0.0,38.8840347537
197,0.0,0.0,1.0,7.775,0.0,3.0,1.0,0.0,0.0,24.2331221878
198,0.0,0.0,1.0,10.5,0.0,2.0,0.0,1.0,0.0,34.4399677798
199,0.0,0.0,1.0,8.1125,0.0,3.0,1.0,0.0,0.0,24.2340434129
200,0.0,1.0,0.0,15.5,0.0,3.0,1.0,0.0,0.0,27.3447719579
201,0.0,0.0,1.0,14.4,2.0,3.0,0.0,1.0,0.0,25.5554027286
202,1.0,0.0,0.0,227.525,0.0,1.0,0.0,1.0,1.0,37.5692921841
203,0.0,0.0,1.0,26.0,1.0,2.0,1.0,0.0,1.0,27.6733469541
204,0.0,0.0,1.0,10.5,0.0,2.0,0.0,1.0,0.0,34.4399677798
205,1.0,0.0,0.0,25.7417,0.0,1.0,0.0,1.0,0.0,40.1616017686
206,0.0,1.0,0.0,7.75,0.0,3.0,1.0,0.0,0.0,27.3236178993
207,0.0,0.0,1.0,10.5,0.0,2.0,0.0,1.0,0.0,34.4399677798
208,1.0,0.0,0.0,27.7208,0.0,1.0,1.0,0.0,0.0,37.2883777207
209,0.0,0.0,1.0,7.8958,0.0,3.0,0.0,1.0,0.0,27.1120780303
210,0.0,0.0,1.0,22.525,0.0,3.0,0.0,1.0,0.0,27.1520092501
211,0.0,0.0,1.0,7.05,0.0,3.0,0.0,1.0,0.0,27.1097693718
212,0.0,0.0,1.0,73.5,0.0,2.0,0.0,1.0,0.0,34.6119298045
213,0.0,0.0,1.0,26.0,0.0,2.0,1.0,0.0,1.0,28.4605613938
214,0.0,0.0,1.0,7.775,2.0,3.0,1.0,0.0,4.0,10.086339744
215,0.0,0.0,1.0,42.5,0.0,1.0,0.0,1.0,0.0,41.8480950101
216,0.0,1.0,0.0,7.8792,0.0,3.0,1.0,0.0,0.0,27.323970558
217,0.0,0.0,1.0,164.8667,1.0,1.0,0.0,1.0,1.0,38.251798933
218,1.0,0.0,0.0,211.5,1.0,1.0,1.0,0.0,1.0,33.8597104982
219,0.0,0.0,1.0,8.05,0.0,3.0,0.0,1.0,0.0,27.1124989278
220,1.0,0.0,0.0,13.8583,0.0,2.0,1.0,0.0,1.0,26.7866694203
221,0.0,0.0,1.0,8.05,0.0,3.0,0.0,1.0,0.0,27.1124989278
222,0.0,0.0,1.0,10.5,0.0,2.0,1.0,0.0,0.0,31.5613416677
223,0.0,0.0,1.0,7.7958,0.0,3.0,0.0,1.0,0.0,27.1118050747
224,1.0,0.0,0.0,27.4458,0.0,1.0,1.0,0.0,0.0,37.2876270928
225,1.0,0.0,0.0,15.2458,2.0,3.0,1.0,0.0,0.0,21.0383347509
226,0.0,0.0,1.0,7.7958,0.0,3.0,0.0,1.0,0.0,27.1118050747
227,0.0,1.0,0.0,7.75,0.0,3.0,1.0,0.0,0.0,27.3236178993
228,0.0,0.0,1.0,15.1,0.0,3.0,0.0,1.0,0.0,27.1317422972
229,0.0,0.0,1.0,13.0,0.0,2.0,0.0,1.0,0.0,34.4467916697
230,0.0,0.0,1.0,65.0,0.0,2.0,0.0,1.0,0.0,34.5887285789
231,0.0,0.0,1.0,26.55,0.0,1.0,1.0,0.0,0.0,38.9259324806
232,0.0,0.0,1.0,6.4958,0.0,3.0,0.0,1.0,1.0,23.9651682608
233,0.0,1.0,0.0,7.8792,0.0,3.0,0.0,1.0,0.0,30.2025966701
234,1.0,0.0,0.0,71.2833,0.0,1.0,0.0,1.0,1.0,37.1428217227
235,0.0,0.0,1.0,7.8542,0.0,3.0,0.0,1.0,0.0,27.1119644807
236,1.0,0.0,0.0,75.25,0.0,1.0,0.0,1.0,1.0,37.1536490522
237,1.0,0.0,0.0,7.225,0.0,3.0,0.0,1.0,0.0,25.4694965201
238,0.0,0.0,1.0,13.0,1.0,2.0,1.0,0.0,1.0,27.6378627268
239,1.0,0.0,0.0,106.425,0.0,1.0,1.0,0.0,1.0,34.3601168468
240,1.0,0.0,0.0,27.7208,0.0,1.0,1.0,0.0,0.0,37.2883777207
241,0.0,0.0,1.0,30.0,2.0,2.0,1.0,0.0,0.0,30.0401391292
242,1.0,0.0,0.0,134.5,1.0,1.0,0.0,1.0,1.0,36.5281608024
243,0.0,0.0,1.0,7.8875,0.0,3.0,0.0,1.0,0.0,27.1120553749
244,0.0,0.0,1.0,23.45,2.0,3.0,0.0,1.0,1.0,22.4370168188
245,0.0,0.0,1.0,51.8625,0.0,1.0,0.0,1.0,1.0,38.7305620865
246,0.0,0.0,1.0,21.0,0.0,2.0,1.0,0.0,0.0,31.5900020052
247,0.0,0.0,1.0,32.5,1.0,2.0,0.0,1.0,1.0,30.5697151798
248,0.0,0.0,1.0,26.0,0.0,2.0,1.0,0.0,1.0,28.4605613938
249,1.0,0.0,0.0,14.4542,0.0,3.0,1.0,0.0,1.0,19.4675145228
250,0.0,0.0,1.0,27.75,2.0,2.0,1.0,0.0,1.0,26.8909092372
251,0.0,0.0,1.0,7.925,0.0,3.0,0.0,1.0,0.0,27.1121577333
252,1.0,0.0,0.0,136.7792,0.0,1.0,0.0,1.0,1.0,37.321596446
253,0.0,0.0,1.0,9.325,0.0,3.0,0.0,1.0,0.0,27.1159791116
254,0.0,0.0,1.0,9.5,0.0,3.0,0.0,1.0,0.0,27.1164567839
255,0.0,0.0,1.0,7.55,0.0,3.0,0.0,1.0,0.0,27.1111341498
256,0.0,1.0,0.0,7.75,0.0,3.0,0.0,1.0,0.0,30.2022440114
257,0.0,0.0,1.0,8.05,0.0,3.0,0.0,1.0,0.0,27.1124989278
258,0.0,0.0,1.0,13.0,0.0,2.0,1.0,0.0,0.0,31.5681655576
259,0.0,0.0,1.0,7.775,0.0,3.0,0.0,1.0,0.0,27.1117482999
260,0.0,0.0,1.0,17.4,0.0,3.0,0.0,1.0,1.0,23.9949318848
261,0.0,0.0,1.0,7.8542,0.0,3.0,0.0,1.0,0.0,27.1119644807
262,0.0,0.0,1.0,23.0,2.0,2.0,1.0,0.0,0.0,30.0210322376
263,0.0,0.0,1.0,12.1833,1.0,3.0,1.0,0.0,1.0,20.3148520585
264,1.0,0.0,0.0,12.7375,0.0,2.0,0.0,1.0,0.0,32.8053246372
265,0.0,0.0,1.0,7.8958,0.0,3.0,0.0,1.0,0.0,27.1120780303
266,0.0,0.0,1.0,0.0,0.0,1.0,0.0,1.0,0.0,41.7320888823
267,0.0,0.0,1.0,7.55,0.0,3.0,0.0,1.0,0.0,27.1111341498
268,0.0,0.0,1.0,8.05,0.0,3.0,1.0,0.0,0.0,24.2338728157
269,0.0,0.0,1.0,8.6625,0.0,3.0,0.0,1.0,0.0,27.1141707808
270,1.0,0.0,0.0,75.2417,0.0,1.0,0.0,1.0,0.0,40.296714788
271,0.0,1.0,0.0,7.75,0.0,3.0,0.0,1.0,0.0,30.2022440114
272,1.0,0.0,0.0,136.7792,0.0,1.0,1.0,0.0,1.0,34.4429703339
273,0.0,1.0,0.0,15.5,0.0,3.0,1.0,0.0,1.0,24.2016835669
274,1.0,0.0,0.0,7.225,0.0,3.0,0.0,1.0,0.0,25.4694965201
275,0.0,0.0,1.0,26.0,0.0,2.0,1.0,0.0,1.0,28.4605613938
276,0.0,0.0,1.0,10.5,0.0,2.0,0.0,1.0,0.0,34.4399677798
277,0.0,0.0,1.0,26.0,0.0,2.0,0.0,1.0,1.0,31.3391875059
278,0.0,0.0,1.0,21.0,0.0,2.0,0.0,1.0,1.0,31.3255397262
279,0.0,0.0,1.0,10.5,0.0,2.0,0.0,1.0,0.0,34.4399677798
280,0.0,0.0,1.0,8.6625,0.0,3.0,1.0,0.0,0.0,24.2355446687
281,0.0,0.0,1.0,13.775,1.0,3.0,0.0,1.0,1.0,23.1978228048
282,0.0,1.0,0.0,7.75,0.0,3.0,1.0,0.0,0.0,27.3236178993
283,1.0,0.0,0.0,15.2458,1.0,3.0,1.0,0.0,1.0,18.6824607995
284,0.0,0.0,1.0,20.2125,1.0,3.0,1.0,0.0,1.0,20.3367682091
285,0.0,0.0,1.0,7.25,0.0,3.0,0.0,1.0,0.0,27.110315283
286,0.0,0.0,1.0,7.25,0.0,3.0,0.0,1.0,0.0,27.110315283
287,0.0,0.0,1.0,82.2667,0.0,1.0,0.0,1.0,1.0,38.8135520515
288,1.0,0.0,0.0,7.2292,0.0,3.0,0.0,1.0,0.0,25.4695079842
289,0.0,0.0,1.0,8.05,0.0,3.0,0.0,1.0,0.0,27.1124989278
290,0.0,0.0,1.0,39.6,0.0,1.0,0.0,1.0,0.0,41.8401792978
291,0.0,1.0,0.0,6.95,0.0,3.0,1.0,0.0,0.0,27.3214342546
292,1.0,0.0,0.0,7.2292,0.0,3.0,0.0,1.0,0.0,25.4695079842
293,0.0,0.0,1.0,81.8583,1.0,1.0,0.0,1.0,1.0,38.0252228611
294,0.0,0.0,1.0,9.5,0.0,3.0,0.0,1.0,0.0,27.1164567839
295,0.0,0.0,1.0,7.8958,0.0,3.0,0.0,1.0,0.0,27.1120780303
296,1.0,0.0,0.0,41.5792,2.0,2.0,1.0,0.0,1.0,25.2879062883
297,1.0,0.0,0.0,21.6792,0.0,3.0,0.0,1.0,2.0,19.2227732855
298,0.0,0.0,1.0,45.5,0.0,1.0,0.0,1.0,0.0,41.8562836779
299,0.0,0.0,1.0,7.8542,0.0,3.0,0.0,1.0,0.0,27.1119644807
300,0.0,0.0,1.0,7.775,0.0,3.0,0.0,1.0,0.0,27.1117482999
301,1.0,0.0,0.0,15.0458,0.0,2.0,0.0,1.0,0.0,32.8116252712
302,0.0,0.0,1.0,21.0,1.0,2.0,0.0,1.0,0.0,33.6814136775
303,0.0,0.0,1.0,8.6625,0.0,3.0,0.0,1.0,0.0,27.1141707808
304,0.0,1.0,0.0,7.75,0.0,3.0,1.0,0.0,0.0,27.3236178993
305,0.0,0.0,1.0,26.55,1.0,1.0,1.0,0.0,1.0,34.9956296498
306,0.0,0.0,1.0,151.55,2.0,1.0,0.0,1.0,1.0,37.4282358155
307,0.0,0.0,1.0,9.35,1.0,3.0,0.0,1.0,0.0,26.3288329108
308,0.0,0.0,1.0,93.5,1.0,1.0,0.0,1.0,1.0,38.0569995326
309,0.0,0.0,1.0,14.1083,0.0,3.0,1.0,0.0,1.0,21.1073208934
310,0.0,0.0,1.0,8.6625,0.0,3.0,0.0,1.0,0.0,27.1141707808
311,1.0,0.0,0.0,7.225,0.0,3.0,0.0,1.0,0.0,25.4694965201
312,0.0,0.0,1.0,7.575,0.0,3.0,0.0,1.0,0.0,27.1112023887
313,0.0,1.0,0.0,7.75,0.0,3.0,1.0,0.0,0.0,27.3236178993
314,1.0,0.0,0.0,135.6333,0.0,1.0,1.0,0.0,0.0,37.5829309269
315,0.0,1.0,0.0,7.7333,0.0,3.0,1.0,0.0,0.0,27.3235723158
316,1.0,0.0,0.0,146.5208,0.0,1.0,0.0,1.0,1.0,37.3481866882
317,0.0,0.0,1.0,10.5,0.0,2.0,0.0,1.0,0.0,34.4399677798
318,0.0,0.0,1.0,7.8542,0.0,3.0,0.0,1.0,0.0,27.1119644807
319,0.0,0.0,1.0,31.5,0.0,2.0,0.0,1.0,2.0,28.2111116725
320,0.0,0.0,1.0,7.775,0.0,3.0,0.0,1.0,0.0,27.1117482999
321,1.0,0.0,0.0,7.2292,0.0,3.0,0.0,1.0,0.0,25.4695079842
322,0.0,0.0,1.0,13.0,0.0,2.0,0.0,1.0,0.0,34.4467916697
323,0.0,0.0,1.0,26.55,0.0,1.0,0.0,1.0,0.0,41.8045585927
324,0.0,0.0,1.0,211.3375,0.0,1.0,1.0,0.0,0.0,39.4303203002
325,0.0,0.0,1.0,7.05,0.0,3.0,0.0,1.0,0.0,27.1097693718
326,0.0,0.0,1.0,39.0,1.0,2.0,1.0,0.0,2.0,24.5657427903
327,1.0,0.0,0.0,79.2,0.0,1.0,0.0,1.0,0.0,40.3075191893
328,0.0,0.0,1.0,26.0,0.0,2.0,0.0,1.0,1.0,31.3391875059
329,0.0,0.0,1.0,13.0,0.0,2.0,0.0,1.0,0.0,34.4467916697
330,0.0,0.0,1.0,36.75,2.0,2.0,1.0,0.0,0.0,30.0585636318
331,1.0,0.0,0.0,29.7,0.0,1.0,0.0,1.0,0.0,40.1724061699
332,1.0,0.0,0.0,7.225,0.0,3.0,0.0,1.0,0.0,25.4694965201
333,1.0,0.0,0.0,15.7417,1.0,3.0,1.0,0.0,1.0,18.6838143863
334,0.0,0.0,1.0,7.8958,0.0,3.0,0.0,1.0,0.0,27.1120780303
335,0.0,0.0,1.0,26.0,0.0,1.0,0.0,1.0,0.0,41.8030573369
336,0.0,0.0,1.0,13.0,0.0,2.0,0.0,1.0,0.0,34.4467916697
337,1.0,0.0,0.0,7.2292,2.0,3.0,0.0,1.0,0.0,23.8950791048
338,0.0,0.0,1.0,31.5,0.0,2.0,0.0,1.0,0.0,34.4972884547
339,1.0,0.0,0.0,7.2292,0.0,3.0,0.0,1.0,0.0,25.4695079842
340,0.0,0.0,1.0,10.5,0.0,2.0,0.0,1.0,0.0,34.4399677798
341,0.0,0.0,1.0,7.5792,0.0,3.0,0.0,1.0,0.0,27.1112138528
342,0.0,0.0,1.0,69.55,9.0,3.0,0.0,1.0,1.0,17.0523482698
343,1.0,0.0,0.0,512.3292,1.0,1.0,1.0,0.0,0.0,37.8239290213
344,0.0,0.0,1.0,14.5,1.0,3.0,0.0,1.0,1.0,23.1998017328
345,0.0,0.0,1.0,7.65,0.0,3.0,1.0,0.0,0.0,24.2327809933
346,0.0,0.0,1.0,13.0,0.0,2.0,0.0,1.0,0.0,34.4467916697
347,1.0,0.0,0.0,7.2292,0.0,3.0,1.0,0.0,0.0,22.5908818721
348,0.0,0.0,1.0,13.5,0.0,2.0,0.0,1.0,0.0,34.4481564476
349,0.0,0.0,1.0,21.0,0.0,2.0,1.0,0.0,0.0,31.5900020052
350,1.0,0.0,0.0,63.3583,1.0,1.0,1.0,0.0,0.0,36.598437831
351,0.0,0.0,1.0,10.5,0.0,2.0,0.0,1.0,0.0,34.4399677798
352,0.0,0.0,1.0,73.5,0.0,2.0,0.0,1.0,0.0,34.6119298045
353,0.0,0.0,1.0,65.0,2.0,2.0,0.0,1.0,1.0,29.8712113084
354,0.0,0.0,1.0,20.575,2.0,3.0,1.0,0.0,1.0,19.5505432334
355,0.0,0.0,1.0,26.0,0.0,1.0,0.0,1.0,0.0,41.8030573369
356,0.0,0.0,1.0,51.4792,0.0,1.0,1.0,0.0,2.0,32.7078013446
357,0.0,0.0,1.0,7.8792,0.0,3.0,0.0,1.0,0.0,27.1120327196
358,0.0,1.0,0.0,7.75,0.0,3.0,0.0,1.0,0.0,30.2022440114
359,0.0,0.0,1.0,15.55,0.0,3.0,1.0,0.0,1.0,21.1112560942
360,0.0,0.0,1.0,69.55,2.0,3.0,0.0,1.0,8.0,0.561230610421
361,1.0,0.0,0.0,37.0042,1.0,2.0,1.0,0.0,1.0,26.0626330096
362,0.0,0.0,1.0,21.0,0.0,2.0,1.0,0.0,0.0,31.5900020052
363,0.0,0.0,1.0,8.6625,0.0,3.0,0.0,1.0,0.0,27.1141707808
364,1.0,0.0,0.0,55.4417,0.0,1.0,1.0,0.0,1.0,34.2209550771
365,0.0,0.0,1.0,69.55,9.0,3.0,1.0,0.0,1.0,14.1737221577
366,1.0,0.0,0.0,14.4583,0.0,3.0,0.0,1.0,1.0,22.3461518261
367,0.0,0.0,1.0,39.6875,0.0,3.0,1.0,0.0,0.0,24.320229142
368,1.0,0.0,0.0,59.4,1.0,1.0,1.0,0.0,0.0,36.5876334297
369,1.0,0.0,0.0,13.8583,0.0,2.0,0.0,1.0,0.0,32.8083839235
370,0.0,0.0,1.0,11.5,0.0,2.0,0.0,1.0,1.0,31.2996089447
371,1.0,0.0,0.0,134.5,0.0,1.0,1.0,0.0,0.0,37.5798375211
372,0.0,0.0,1.0,0.0,0.0,1.0,0.0,1.0,0.0,41.7320888823
373,0.0,0.0,1.0,13.0,0.0,2.0,0.0,1.0,0.0,34.4467916697
374,0.0,0.0,1.0,81.8583,1.0,1.0,1.0,0.0,1.0,35.146596749
375,1.0,0.0,0.0,262.375,0.0,1.0,1.0,0.0,0.0,37.9288794879
376,0.0,0.0,1.0,8.6625,0.0,3.0,1.0,0.0,2.0,17.9493678865
377,0.0,0.0,1.0,11.5,0.0,2.0,0.0,1.0,0.0,34.4426973357
378,0.0,0.0,1.0,50.0,0.0,1.0,0.0,1.0,0.0,41.8685666797
379,0.0,0.0,1.0,31.3875,2.0,3.0,0.0,1.0,4.0,13.0294174959
380,0.0,1.0,0.0,7.75,0.0,3.0,0.0,1.0,0.0,30.2022440114
381,0.0,1.0,0.0,7.8792,0.0,3.0,0.0,1.0,0.0,30.2025966701
382,0.0,0.0,1.0,14.5,0.0,3.0,1.0,0.0,0.0,24.2514784515
383,0.0,0.0,1.0,16.1,0.0,3.0,1.0,0.0,1.0,21.11275735
384,0.0,0.0,1.0,12.875,0.0,2.0,0.0,1.0,0.0,34.4464504752
385,0.0,0.0,1.0,65.0,2.0,2.0,1.0,0.0,1.0,26.9925851963
386,0.0,0.0,1.0,7.775,0.0,3.0,0.0,1.0,0.0,27.1117482999
387,0.0,0.0,1.0,13.0,0.0,2.0,0.0,1.0,0.0,34.4467916697
388,0.0,1.0,0.0,7.75,0.0,3.0,0.0,1.0,0.0,30.2022440114
389,0.0,0.0,1.0,21.075,1.0,3.0,0.0,1.0,3.0,16.931571781
390,0.0,0.0,1.0,93.5,0.0,1.0,0.0,1.0,0.0,41.9873023634
391,0.0,0.0,1.0,39.4,1.0,1.0,1.0,0.0,0.0,38.1737928348
392,0.0,0.0,1.0,20.25,2.0,3.0,0.0,1.0,0.0,25.5713706309
393,0.0,0.0,1.0,10.5,0.0,2.0,0.0,1.0,0.0,34.4399677798
394,0.0,0.0,1.0,22.025,1.0,3.0,0.0,1.0,3.0,16.9341648592
395,0.0,0.0,1.0,60.0,0.0,1.0,1.0,0.0,1.0,35.874147736
396,0.0,1.0,0.0,7.25,0.0,3.0,0.0,1.0,0.0,30.2008792335
397,1.0,0.0,0.0,79.2,1.0,1.0,1.0,0.0,1.0,33.4985902464
398,0.0,0.0,1.0,7.775,0.0,3.0,0.0,1.0,0.0,27.1117482999
399,0.0,1.0,0.0,7.7333,0.0,3.0,0.0,1.0,0.0,30.2021984278
400,0.0,0.0,1.0,164.8667,0.0,1.0,1.0,0.0,0.0,39.3034756517
401,0.0,0.0,1.0,21.0,0.0,2.0,0.0,1.0,1.0,31.3255397262
402,1.0,0.0,0.0,59.4,1.0,1.0,1.0,0.0,0.0,36.5876334297
403,0.0,0.0,1.0,47.1,0.0,1.0,0.0,1.0,0.0,41.8606509674
404,1.0,0.0,0.0,27.7208,0.0,1.0,0.0,1.0,1.0,37.0239154417
405,1.0,0.0,0.0,13.8625,0.0,2.0,0.0,1.0,0.0,32.8083953877
406,0.0,0.0,1.0,10.5,0.0,2.0,0.0,1.0,1.0,31.2968793887
407,1.0,0.0,0.0,211.5,1.0,1.0,0.0,1.0,1.0,36.7383366103
408,0.0,1.0,0.0,7.7208,0.0,3.0,1.0,0.0,0.0,27.3235381963
409,0.0,0.0,1.0,13.775,1.0,3.0,1.0,0.0,1.0,20.3191966927
410,0.0,1.0,0.0,7.75,0.0,3.0,1.0,0.0,0.0,27.3236178993
411,0.0,1.0,0.0,90.0,0.0,1.0,1.0,0.0,1.0,39.0465983648
412,0.0,0.0,1.0,7.775,0.0,3.0,1.0,0.0,0.0,24.2331221878
413,0.0,0.0,1.0,8.05,0.0,3.0,0.0,1.0,0.0,27.1124989278
414,1.0,0.0,0.0,108.9,0.0,1.0,1.0,0.0,0.0,37.5099608888
415,0.0,0.0,1.0,7.25,0.0,3.0,0.0,1.0,0.0,27.110315283
416,0.0,0.0,1.0,8.05,0.0,3.0,0.0,1.0,0.0,27.1124989278
417,1.0,0.0,0.0,22.3583,1.0,3.0,0.0,1.0,1.0,21.5805008783
